input,output
hola,Hola 😊 ¿Qué producto estás buscando?
hello,Hola 😊 ¿Qué producto estás buscando?
hi,Hola 😊 ¿Qué producto estás buscando?
buenas,Hola 😊 ¿Qué producto estás buscando?
cual es buena laptop,Una buena laptop depende de tu presupuesto y uso
recomiendame una laptop,Te recomiendo una laptop con buen rendimiento y batería
que es una celular,Una celular es un dispositivo tecnológico muy útil
quiero una celular,Claro 👍 ¿Para qué la necesitas?
recomiendame una laptop,Te recomiendo una laptop con buen rendimiento y batería
quiero una tablet,Claro 👍 ¿Para qué la necesitas?
quiero una laptop,Claro 👍 ¿Para qué la necesitas?
que es una laptop,Una laptop es un dispositivo tecnológico muy útil
cual es buena laptop,Una buena laptop depende de tu presupuesto y uso
precio de laptop,Los precios de laptop varían bastante según la marca
que es una celular,Una celular es un dispositivo tecnológico muy útil
precio de celular,Los precios de celular varían bastante según la marca
recomiendame una laptop,Te recomiendo una laptop con buen rendimiento y batería
recomiendame una tablet,Te recomiendo una tablet con buen rendimiento y batería
cual es buena laptop,Una buena laptop depende de tu presupuesto y uso
quiero una celular,Claro 👍 ¿Para qué la necesitas?
cual es buena laptop,Una buena laptop depende de tu presupuesto y uso
precio de celular,Los precios de celular varían bastante según la marca
precio de celular,Los precios de celular varían bastante según la marca
precio de celular,Los precios de celular varían bastante según la marca
que es una celular,Una celular es un dispositivo tecnológico muy útil
cual es buena tablet,Una buena tablet depende de tu presupuesto y uso
que es una tablet,Una tablet es un dispositivo tecnológico muy útil
cual es buena laptop,Una buena laptop depende de tu presupuesto y uso
precio de celular,Los precios de celular varían bastante según la marca
que es una celular,Una celular es un dispositivo tecnológico muy útil
recomiendame una laptop,Te recomiendo una laptop con buen rendimiento y batería
precio de tablet,Los precios de tablet varían bastante según la marca
que es una tablet,Una tablet es un dispositivo tecnológico muy útil
cual es buena laptop,Una buena laptop depende de tu presupuesto y uso
quiero una tablet,Claro 👍 ¿Para qué la necesitas?
cual es buena tablet,Una buena tablet depende de tu presupuesto y uso
quiero una celular,Claro 👍 ¿Para qué la necesitas?
quiero una laptop,Claro 👍 ¿Para qué la necesitas?
quiero una laptop,Claro 👍 ¿Para qué la necesitas?
recomiendame una celular,Te recomiendo una celular con buen rendimiento y batería
precio de laptop,Los precios de laptop varían bastante según la marca
cual es buena celular,Una buena celular depende de tu presupuesto y uso
que es una celular,Una celular es un dispositivo tecnológico muy útil
cual es buena laptop,Una buena laptop depende de tu presupuesto y uso
precio de celular,Los precios de celular varían bastante según la marca
quiero una tablet,Claro 👍 ¿Para qué la necesitas?
quiero una laptop,Claro 👍 ¿Para qué la necesitas?
cual es buena celular,Una buena celular depende de tu presupuesto y uso
que es una celular,Una celular es un dispositivo tecnológico muy útil
quiero una celular,Claro 👍 ¿Para qué la necesitas?
que es una laptop,Una laptop es un dispositivo tecnológico muy útil
precio de celular,Los precios de celular varían bastante según la marca
precio de celular,Los precios de celular varían bastante según la marca
que es una celular,Una celular es un dispositivo tecnológico muy útil
cual es buena tablet,Una buena tablet depende de tu presupuesto y uso
precio de tablet,Los precios de tablet varían bastante según la marca
quiero una tablet,Claro 👍 ¿Para qué la necesitas?
recomiendame una tablet,Te recomiendo una tablet con buen rendimiento y batería
precio de laptop,Los precios de laptop varían bastante según la marca
que es una laptop,Una laptop es un dispositivo tecnológico muy útil
cual es buena laptop,Una buena laptop depende de tu presupuesto y uso
cual es buena laptop,Una buena laptop depende de tu presupuesto y uso
cual es buena celular,Una buena celular depende de tu presupuesto y uso
cual es buena celular,Una buena celular depende de tu presupuesto y uso
precio de tablet,Los precios de tablet varían bastante según la marca
que es una celular,Una celular es un dispositivo tecnológico muy útil
quiero una celular,Claro 👍 ¿Para qué la necesitas?
quiero una laptop,Claro 👍 ¿Para qué la necesitas?
cual es buena laptop,Una buena laptop depende de tu presupuesto y uso
recomiendame una tablet,Te recomiendo una tablet con buen rendimiento y batería
cual es buena tablet,Una buena tablet depende de tu presupuesto y uso
que es una tablet,Una tablet es un dispositivo tecnológico muy útil
quiero una tablet,Claro 👍 ¿Para qué la necesitas?
que es una laptop,Una laptop es un dispositivo tecnológico muy útil
recomiendame una celular,Te recomiendo una celular con buen rendimiento y batería
recomiendame una celular,Te recomiendo una celular con buen rendimiento y batería
que es una laptop,Una laptop es un dispositivo tecnológico muy útil
recomiendame una celular,Te recomiendo una celular con buen rendimiento y batería
quiero una celular,Claro 👍 ¿Para qué la necesitas?
que es una tablet,Una tablet es un dispositivo tecnológico muy útil
precio de laptop,Los precios de laptop varían bastante según la marca
precio de tablet,Los precios de tablet varían bastante según la marca
quiero una celular,Claro 👍 ¿Para qué la necesitas?
que es una celular,Una celular es un dispositivo tecnológico muy útil
cual es buena laptop,Una buena laptop depende de tu presupuesto y uso
cual es buena celular,Una buena celular depende de tu presupuesto y uso
que es una celular,Una celular es un dispositivo tecnológico muy útil
recomiendame una laptop,Te recomiendo una laptop con buen rendimiento y batería
cual es buena laptop,Una buena laptop depende de tu presupuesto y uso
cual es buena laptop,Una buena laptop depende de tu presupuesto y uso
quiero una laptop,Claro 👍 ¿Para qué la necesitas?
que es una celular,Una celular es un dispositivo tecnológico muy útil
precio de tablet,Los precios de tablet varían bastante según la marca
precio de tablet,Los precios de tablet varían bastante según la marca
que es una laptop,Una laptop es un dispositivo tecnológico muy útil
quiero una celular,Claro 👍 ¿Para qué la necesitas?
quiero una celular,Claro 👍 ¿Para qué la necesitas?
recomiendame una laptop,Te recomiendo una laptop con buen rendimiento y batería
quiero una tablet,Claro 👍 ¿Para qué la necesitas?
recomiendame una tablet,Te recomiendo una tablet con buen rendimiento y batería
que es una laptop,Una laptop es un dispositivo tecnológico muy útil
recomiendame una celular,Te recomiendo una celular con buen rendimiento y batería
recomiendame una laptop,Te recomiendo una laptop con buen rendimiento y batería
recomiendame una celular,Te recomiendo una celular con buen rendimiento y batería
que es una tablet,Una tablet es un dispositivo tecnológico muy útil
recomiendame una laptop,Te recomiendo una laptop con buen rendimiento y batería
que es una celular,Una celular es un dispositivo tecnológico muy útil
cual es buena tablet,Una buena tablet depende de tu presupuesto y uso
recomiendame una tablet,Te recomiendo una tablet con buen rendimiento y batería
cual es buena tablet,Una buena tablet depende de tu presupuesto y uso
precio de tablet,Los precios de tablet varían bastante según la marca
precio de laptop,Los precios de laptop varían bastante según la marca
recomiendame una tablet,Te recomiendo una tablet con buen rendimiento y batería
quiero una tablet,Claro 👍 ¿Para qué la necesitas?
cual es buena celular,Una buena celular depende de tu presupuesto y uso
quiero una tablet,Claro 👍 ¿Para qué la necesitas?
recomiendame una laptop,Te recomiendo una laptop con buen rendimiento y batería
recomiendame una celular,Te recomiendo una celular con buen rendimiento y batería
recomiendame una tablet,Te recomiendo una tablet con buen rendimiento y batería
precio de tablet,Los precios de tablet varían bastante según la marca
cual es buena tablet,Una buena tablet depende de tu presupuesto y uso
quiero una tablet,Claro 👍 ¿Para qué la necesitas?
quiero una tablet,Claro 👍 ¿Para qué la necesitas?
que es una celular,Una celular es un dispositivo tecnológico muy útil
que es una celular,Una celular es un dispositivo tecnológico muy útil
quiero una laptop,Claro 👍 ¿Para qué la necesitas?
cual es buena celular,Una buena celular depende de tu presupuesto y uso
precio de tablet,Los precios de tablet varían bastante según la marca
que es una laptop,Una laptop es un dispositivo tecnológico muy útil
recomiendame una laptop,Te recomiendo una laptop con buen rendimiento y batería
cual es buena laptop,Una buena laptop depende de tu presupuesto y uso
que es una laptop,Una laptop es un dispositivo tecnológico muy útil
que es una laptop,Una laptop es un dispositivo tecnológico muy útil
recomiendame una tablet,Te recomiendo una tablet con buen rendimiento y batería
quiero una tablet,Claro 👍 ¿Para qué la necesitas?
que es una laptop,Una laptop es un dispositivo tecnológico muy útil
recomiendame una celular,Te recomiendo una celular con buen rendimiento y batería
quiero una tablet,Claro 👍 ¿Para qué la necesitas?
cual es buena celular,Una buena celular depende de tu presupuesto y uso
quiero una tablet,Claro 👍 ¿Para qué la necesitas?
quiero una tablet,Claro 👍 ¿Para qué la necesitas?
cual es buena tablet,Una buena tablet depende de tu presupuesto y uso
que es una celular,Una celular es un dispositivo tecnológico muy útil
que es una laptop,Una laptop es un dispositivo tecnológico muy útil
precio de tablet,Los precios de tablet varían bastante según la marca
precio de laptop,Los precios de laptop varían bastante según la marca
precio de tablet,Los precios de tablet varían bastante según la marca
precio de tablet,Los precios de tablet varían bastante según la marca
cual es buena celular,Una buena celular depende de tu presupuesto y uso
precio de tablet,Los precios de tablet varían bastante según la marca
recomiendame una celular,Te recomiendo una celular con buen rendimiento y batería
quiero una laptop,Claro 👍 ¿Para qué la necesitas?
cual es buena celular,Una buena celular depende de tu presupuesto y uso
precio de laptop,Los precios de laptop varían bastante según la marca
que es una celular,Una celular es un dispositivo tecnológico muy útil
recomiendame una laptop,Te recomiendo una laptop con buen rendimiento y batería
recomiendame una celular,Te recomiendo una celular con buen rendimiento y batería
recomiendame una laptop,Te recomiendo una laptop con buen rendimiento y batería
recomiendame una laptop,Te recomiendo una laptop con buen rendimiento y batería
cual es buena laptop,Una buena laptop depende de tu presupuesto y uso
precio de tablet,Los precios de tablet varían bastante según la marca
quiero una laptop,Claro 👍 ¿Para qué la necesitas?
quiero una tablet,Claro 👍 ¿Para qué la necesitas?
recomiendame una celular,Te recomiendo una celular con buen rendimiento y batería
que es una laptop,Una laptop es un dispositivo tecnológico muy útil
que es una celular,Una celular es un dispositivo tecnológico muy útil
cual es buena celular,Una buena celular depende de tu presupuesto y uso
quiero una tablet,Claro 👍 ¿Para qué la necesitas?
precio de laptop,Los precios de laptop varían bastante según la marca
precio de tablet,Los precios de tablet varían bastante según la marca
quiero una tablet,Claro 👍 ¿Para qué la necesitas?
recomiendame una laptop,Te recomiendo una laptop con buen rendimiento y batería
quiero una laptop,Claro 👍 ¿Para qué la necesitas?
recomiendame una tablet,Te recomiendo una tablet con buen rendimiento y batería
que es una celular,Una celular es un dispositivo tecnológico muy útil
que es una celular,Una celular es un dispositivo tecnológico muy útil
que es una tablet,Una tablet es un dispositivo tecnológico muy útil
cual es buena laptop,Una buena laptop depende de tu presupuesto y uso
que es una celular,Una celular es un dispositivo tecnológico muy útil
quiero una celular,Claro 👍 ¿Para qué la necesitas?
cual es buena tablet,Una buena tablet depende de tu presupuesto y uso
recomiendame una laptop,Te recomiendo una laptop con buen rendimiento y batería
que es una tablet,Una tablet es un dispositivo tecnológico muy útil
recomiendame una tablet,Te recomiendo una tablet con buen rendimiento y batería
cual es buena celular,Una buena celular depende de tu presupuesto y uso
cual es buena laptop,Una buena laptop depende de tu presupuesto y uso
quiero una laptop,Claro 👍 ¿Para qué la necesitas?
recomiendame una laptop,Te recomiendo una laptop con buen rendimiento y batería
recomiendame una laptop,Te recomiendo una laptop con buen rendimiento y batería
cual es buena tablet,Una buena tablet depende de tu presupuesto y uso
que es una laptop,Una laptop es un dispositivo tecnológico muy útil
recomiendame una tablet,Te recomiendo una tablet con buen rendimiento y batería
cual es buena laptop,Una buena laptop depende de tu presupuesto y uso
que es una laptop,Una laptop es un dispositivo tecnológico muy útil
quiero una laptop,Claro 👍 ¿Para qué la necesitas?
precio de celular,Los precios de celular varían bastante según la marca
quiero una laptop,Claro 👍 ¿Para qué la necesitas?
que es una laptop,Una laptop es un dispositivo tecnológico muy útil
recomiendame una tablet,Te recomiendo una tablet con buen rendimiento y batería
recomiendame una tablet,Te recomiendo una tablet con buen rendimiento y batería
recomiendame una tablet,Te recomiendo una tablet con buen rendimiento y batería
recomiendame una laptop,Te recomiendo una laptop con buen rendimiento y batería
precio de laptop,Los precios de laptop varían bastante según la marca
precio de tablet,Los precios de tablet varían bastante según la marca
que es una celular,Una celular es un dispositivo tecnológico muy útil
precio de celular,Los precios de celular varían bastante según la marca
precio de laptop,Los precios de laptop varían bastante según la marca
precio de tablet,Los precios de tablet varían bastante según la marca
precio de celular,Los precios de celular varían bastante según la marca
recomiendame una tablet,Te recomiendo una tablet con buen rendimiento y batería
quiero una laptop,Claro 👍 ¿Para qué la necesitas?
que es una tablet,Una tablet es un dispositivo tecnológico muy útil
cual es buena laptop,Una buena laptop depende de tu presupuesto y uso
quiero una tablet,Claro 👍 ¿Para qué la necesitas?
cual es buena laptop,Una buena laptop depende de tu presupuesto y uso
precio de tablet,Los precios de tablet varían bastante según la marca
precio de laptop,Los precios de laptop varían bastante según la marca
que es una tablet,Una tablet es un dispositivo tecnológico muy útil
recomiendame una laptop,Te recomiendo una laptop con buen rendimiento y batería
recomiendame una celular,Te recomiendo una celular con buen rendimiento y batería
cual es buena tablet,Una buena tablet depende de tu presupuesto y uso
cual es buena laptop,Una buena laptop depende de tu presupuesto y uso
recomiendame una celular,Te recomiendo una celular con buen rendimiento y batería
que es una laptop,Una laptop es un dispositivo tecnológico muy útil
precio de laptop,Los precios de laptop varían bastante según la marca
que es una tablet,Una tablet es un dispositivo tecnológico muy útil
precio de celular,Los precios de celular varían bastante según la marca
quiero una celular,Claro 👍 ¿Para qué la necesitas?
precio de celular,Los precios de celular varían bastante según la marca
recomiendame una laptop,Te recomiendo una laptop con buen rendimiento y batería
que es una laptop,Una laptop es un dispositivo tecnológico muy útil
recomiendame una celular,Te recomiendo una celular con buen rendimiento y batería
precio de tablet,Los precios de tablet varían bastante según la marca
precio de celular,Los precios de celular varían bastante según la marca
precio de laptop,Los precios de laptop varían bastante según la marca
recomiendame una tablet,Te recomiendo una tablet con buen rendimiento y batería
precio de celular,Los precios de celular varían bastante según la marca
quiero una tablet,Claro 👍 ¿Para qué la necesitas?
quiero una laptop,Claro 👍 ¿Para qué la necesitas?
quiero una celular,Claro 👍 ¿Para qué la necesitas?
recomiendame una celular,Te recomiendo una celular con buen rendimiento y batería
quiero una celular,Claro 👍 ¿Para qué la necesitas?
cual es buena celular,Una buena celular depende de tu presupuesto y uso
recomiendame una laptop,Te recomiendo una laptop con buen rendimiento y batería
quiero una tablet,Claro 👍 ¿Para qué la necesitas?
quiero una celular,Claro 👍 ¿Para qué la necesitas?
recomiendame una laptop,Te recomiendo una laptop con buen rendimiento y batería
recomiendame una celular,Te recomiendo una celular con buen rendimiento y batería
que es una tablet,Una tablet es un dispositivo tecnológico muy útil
precio de laptop,Los precios de laptop varían bastante según la marca
que es una tablet,Una tablet es un dispositivo tecnológico muy útil
recomiendame una laptop,Te recomiendo una laptop con buen rendimiento y batería
recomiendame una tablet,Te recomiendo una tablet con buen rendimiento y batería
recomiendame una celular,Te recomiendo una celular con buen rendimiento y batería
cual es buena laptop,Una buena laptop depende de tu presupuesto y uso
quiero una celular,Claro 👍 ¿Para qué la necesitas?
precio de tablet,Los precios de tablet varían bastante según la marca
quiero una tablet,Claro 👍 ¿Para qué la necesitas?
recomiendame una tablet,Te recomiendo una tablet con buen rendimiento y batería
precio de laptop,Los precios de laptop varían bastante según la marca
precio de tablet,Los precios de tablet varían bastante según la marca
precio de celular,Los precios de celular varían bastante según la marca
quiero una celular,Claro 👍 ¿Para qué la necesitas?
que es una laptop,Una laptop es un dispositivo tecnológico muy útil
precio de tablet,Los precios de tablet varían bastante según la marca
recomiendame una celular,Te recomiendo una celular con buen rendimiento y batería
que es una celular,Una celular es un dispositivo tecnológico muy útil
cual es buena laptop,Una buena laptop depende de tu presupuesto y uso
recomiendame una celular,Te recomiendo una celular con buen rendimiento y batería
que es una laptop,Una laptop es un dispositivo tecnológico muy útil
que es una laptop,Una laptop es un dispositivo tecnológico muy útil
precio de celular,Los precios de celular varían bastante según la marca
quiero una celular,Claro 👍 ¿Para qué la necesitas?
precio de laptop,Los precios de laptop varían bastante según la marca
que es una laptop,Una laptop es un dispositivo tecnológico muy útil
cual es buena tablet,Una buena tablet depende de tu presupuesto y uso
que es una tablet,Una tablet es un dispositivo tecnológico muy útil
precio de tablet,Los precios de tablet varían bastante según la marca
quiero una tablet,Claro 👍 ¿Para qué la necesitas?
cual es buena laptop,Una buena laptop depende de tu presupuesto y uso
quiero una tablet,Claro 👍 ¿Para qué la necesitas?
cual es buena tablet,Una buena tablet depende de tu presupuesto y uso
precio de celular,Los precios de celular varían bastante según la marca
cual es buena tablet,Una buena tablet depende de tu presupuesto y uso
precio de laptop,Los precios de laptop varían bastante según la marca
que es una tablet,Una tablet es un dispositivo tecnológico muy útil
quiero una celular,Claro 👍 ¿Para qué la necesitas?
que es una tablet,Una tablet es un dispositivo tecnológico muy útil
recomiendame una celular,Te recomiendo una celular con buen rendimiento y batería
quiero una celular,Claro 👍 ¿Para qué la necesitas?
que es una laptop,Una laptop es un dispositivo tecnológico muy útil
que es una laptop,Una laptop es un dispositivo tecnológico muy útil
que es una laptop,Una laptop es un dispositivo tecnológico muy útil
precio de tablet,Los precios de tablet varían bastante según la marca
cual es buena laptop,Una buena laptop depende de tu presupuesto y uso
quiero una laptop,Claro 👍 ¿Para qué la necesitas?
precio de laptop,Los precios de laptop varían bastante según la marca
recomiendame una laptop,Te recomiendo una laptop con buen rendimiento y batería
quiero una tablet,Claro 👍 ¿Para qué la necesitas?
quiero una tablet,Claro 👍 ¿Para qué la necesitas?
precio de laptop,Los precios de laptop varían bastante según la marca
cual es buena tablet,Una buena tablet depende de tu presupuesto y uso
quiero una tablet,Claro 👍 ¿Para qué la necesitas?
que es una celular,Una celular es un dispositivo tecnológico muy útil
que es una tablet,Una tablet es un dispositivo tecnológico muy útil
cual es buena tablet,Una buena tablet depende de tu presupuesto y uso
recomiendame una celular,Te recomiendo una celular con buen rendimiento y batería
quiero una tablet,Claro 👍 ¿Para qué la necesitas?
que es una tablet,Una tablet es un dispositivo tecnológico muy útil
quiero una laptop,Claro 👍 ¿Para qué la necesitas?
cual es buena tablet,Una buena tablet depende de tu presupuesto y uso
precio de tablet,Los precios de tablet varían bastante según la marca
quiero una laptop,Claro 👍 ¿Para qué la necesitas?
quiero una laptop,Claro 👍 ¿Para qué la necesitas?
recomiendame una laptop,Te recomiendo una laptop con buen rendimiento y batería
que es una laptop,Una laptop es un dispositivo tecnológico muy útil
quiero una celular,Claro 👍 ¿Para qué la necesitas?
recomiendame una laptop,Te recomiendo una laptop con buen rendimiento y batería
recomiendame una tablet,Te recomiendo una tablet con buen rendimiento y batería
quiero una laptop,Claro 👍 ¿Para qué la necesitas?
recomiendame una laptop,Te recomiendo una laptop con buen rendimiento y batería
que es una celular,Una celular es un dispositivo tecnológico muy útil
recomiendame una celular,Te recomiendo una celular con buen rendimiento y batería
recomiendame una celular,Te recomiendo una celular con buen rendimiento y batería
que es una tablet,Una tablet es un dispositivo tecnológico muy útil
quiero una tablet,Claro 👍 ¿Para qué la necesitas?
quiero una tablet,Claro 👍 ¿Para qué la necesitas?
cual es buena tablet,Una buena tablet depende de tu presupuesto y uso
quiero una celular,Claro 👍 ¿Para qué la necesitas?
que es una celular,Una celular es un dispositivo tecnológico muy útil
que es una laptop,Una laptop es un dispositivo tecnológico muy útil
quiero una tablet,Claro 👍 ¿Para qué la necesitas?
cual es buena celular,Una buena celular depende de tu presupuesto y uso
quiero una celular,Claro 👍 ¿Para qué la necesitas?
recomiendame una celular,Te recomiendo una celular con buen rendimiento y batería
recomiendame una laptop,Te recomiendo una laptop con buen rendimiento y batería
quiero una celular,Claro 👍 ¿Para qué la necesitas?
recomiendame una tablet,Te recomiendo una tablet con buen rendimiento y batería
recomiendame una celular,Te recomiendo una celular con buen rendimiento y batería
cual es buena tablet,Una buena tablet depende de tu presupuesto y uso
quiero una laptop,Claro 👍 ¿Para qué la necesitas?
quiero una celular,Claro 👍 ¿Para qué la necesitas?
cual es buena celular,Una buena celular depende de tu presupuesto y uso
recomiendame una tablet,Te recomiendo una tablet con buen rendimiento y batería
precio de tablet,Los precios de tablet varían bastante según la marca
recomiendame una celular,Te recomiendo una celular con buen rendimiento y batería
precio de laptop,Los precios de laptop varían bastante según la marca
precio de celular,Los precios de celular varían bastante según la marca
recomiendame una laptop,Te recomiendo una laptop con buen rendimiento y batería
precio de laptop,Los precios de laptop varían bastante según la marca
recomiendame una laptop,Te recomiendo una laptop con buen rendimiento y batería
precio de tablet,Los precios de tablet varían bastante según la marca
que es una celular,Una celular es un dispositivo tecnológico muy útil
que es una laptop,Una laptop es un dispositivo tecnológico muy útil
quiero una tablet,Claro 👍 ¿Para qué la necesitas?
quiero una celular,Claro 👍 ¿Para qué la necesitas?
precio de celular,Los precios de celular varían bastante según la marca
cual es buena celular,Una buena celular depende de tu presupuesto y uso
quiero una tablet,Claro 👍 ¿Para qué la necesitas?
que es una tablet,Una tablet es un dispositivo tecnológico muy útil
precio de tablet,Los precios de tablet varían bastante según la marca
precio de laptop,Los precios de laptop varían bastante según la marca
que es una laptop,Una laptop es un dispositivo tecnológico muy útil
recomiendame una laptop,Te recomiendo una laptop con buen rendimiento y batería
precio de tablet,Los precios de tablet varían bastante según la marca
cual es buena laptop,Una buena laptop depende de tu presupuesto y uso
quiero una tablet,Claro 👍 ¿Para qué la necesitas?
cual es buena celular,Una buena celular depende de tu presupuesto y uso
recomiendame una laptop,Te recomiendo una laptop con buen rendimiento y batería
que es una tablet,Una tablet es un dispositivo tecnológico muy útil
recomiendame una celular,Te recomiendo una celular con buen rendimiento y batería
quiero una tablet,Claro 👍 ¿Para qué la necesitas?
cual es buena tablet,Una buena tablet depende de tu presupuesto y uso
que es una tablet,Una tablet es un dispositivo tecnológico muy útil
que es una celular,Una celular es un dispositivo tecnológico muy útil
cual es buena celular,Una buena celular depende de tu presupuesto y uso
precio de tablet,Los precios de tablet varían bastante según la marca
precio de laptop,Los precios de laptop varían bastante según la marca
que es una laptop,Una laptop es un dispositivo tecnológico muy útil
cual es buena celular,Una buena celular depende de tu presupuesto y uso
precio de celular,Los precios de celular varían bastante según la marca
cual es buena tablet,Una buena tablet depende de tu presupuesto y uso
cual es buena celular,Una buena celular depende de tu presupuesto y uso
que es una celular,Una celular es un dispositivo tecnológico muy útil
precio de laptop,Los precios de laptop varían bastante según la marca
cual es buena laptop,Una buena laptop depende de tu presupuesto y uso
precio de laptop,Los precios de laptop varían bastante según la marca
que es una tablet,Una tablet es un dispositivo tecnológico muy útil
quiero una tablet,Claro 👍 ¿Para qué la necesitas?
precio de tablet,Los precios de tablet varían bastante según la marca
precio de tablet,Los precios de tablet varían bastante según la marca
precio de tablet,Los precios de tablet varían bastante según la marca
quiero una tablet,Claro 👍 ¿Para qué la necesitas?
que es una celular,Una celular es un dispositivo tecnológico muy útil
quiero una celular,Claro 👍 ¿Para qué la necesitas?
cual es buena celular,Una buena celular depende de tu presupuesto y uso
recomiendame una laptop,Te recomiendo una laptop con buen rendimiento y batería
precio de laptop,Los precios de laptop varían bastante según la marca
que es una celular,Una celular es un dispositivo tecnológico muy útil
cual es buena tablet,Una buena tablet depende de tu presupuesto y uso
cual es buena celular,Una buena celular depende de tu presupuesto y uso
recomiendame una laptop,Te recomiendo una laptop con buen rendimiento y batería
cual es buena celular,Una buena celular depende de tu presupuesto y uso
recomiendame una celular,Te recomiendo una celular con buen rendimiento y batería
busco calidad,Busca marcas reconocidas con buen rating
busco calidad,Busca marcas reconocidas con buen rating
busco calidad,Busca marcas reconocidas con buen rating
busco calidad,Busca marcas reconocidas con buen rating
quiero algo caro,Hay opciones premium con mejores características
quiero algo barato,Te puedo recomendar algo económico con buena calidad
bye,Hasta luego 👋
busco calidad,Busca marcas reconocidas con buen rating
quiero ver opiniones,Puedo mostrarte opiniones reales de usuarios
quiero algo caro,Hay opciones premium con mejores características
bye,Hasta luego 👋
gracias,De nada 😊 estoy aquí para ayudarte
busco calidad,Busca marcas reconocidas con buen rating
no me gusta,Entiendo 😅 puedo buscarte otra opción
no funciona,Intentemos con otro producto mejor
busco calidad,Busca marcas reconocidas con buen rating
no me gusta,Entiendo 😅 puedo buscarte otra opción
no me gusta,Entiendo 😅 puedo buscarte otra opción
gracias,De nada 😊 estoy aquí para ayudarte
no funciona,Intentemos con otro producto mejor
no me gusta,Entiendo 😅 puedo buscarte otra opción
busco rendimiento,Busca dispositivos con buen procesador
bye,Hasta luego 👋
quiero algo caro,Hay opciones premium con mejores características
quiero algo barato,Te puedo recomendar algo económico con buena calidad
quiero algo caro,Hay opciones premium con mejores características
quiero algo caro,Hay opciones premium con mejores características
quiero algo barato,Te puedo recomendar algo económico con buena calidad
no funciona,Intentemos con otro producto mejor
quiero algo barato,Te puedo recomendar algo económico con buena calidad
no funciona,Intentemos con otro producto mejor
busco rendimiento,Busca dispositivos con buen procesador
busco rendimiento,Busca dispositivos con buen procesador
busco rendimiento,Busca dispositivos con buen procesador
busco rendimiento,Busca dispositivos con buen procesador
quiero ver opiniones,Puedo mostrarte opiniones reales de usuarios
no me gusta,Entiendo 😅 puedo buscarte otra opción
no me gusta,Entiendo 😅 puedo buscarte otra opción
no funciona,Intentemos con otro producto mejor
no funciona,Intentemos con otro producto mejor
quiero ver opiniones,Puedo mostrarte opiniones reales de usuarios
no me gusta,Entiendo 😅 puedo buscarte otra opción
busco rendimiento,Busca dispositivos con buen procesador
gracias,De nada 😊 estoy aquí para ayudarte
busco rendimiento,Busca dispositivos con buen procesador
quiero algo barato,Te puedo recomendar algo económico con buena calidad
quiero algo caro,Hay opciones premium con mejores características
no me gusta,Entiendo 😅 puedo buscarte otra opción
no me gusta,Entiendo 😅 puedo buscarte otra opción
no me gusta,Entiendo 😅 puedo buscarte otra opción
gracias,De nada 😊 estoy aquí para ayudarte
busco calidad,Busca marcas reconocidas con buen rating
bye,Hasta luego 👋
busco rendimiento,Busca dispositivos con buen procesador
quiero algo barato,Te puedo recomendar algo económico con buena calidad
quiero algo barato,Te puedo recomendar algo económico con buena calidad
quiero algo caro,Hay opciones premium con mejores características
busco calidad,Busca marcas reconocidas con buen rating
quiero algo barato,Te puedo recomendar algo económico con buena calidad
quiero algo barato,Te puedo recomendar algo económico con buena calidad
quiero algo caro,Hay opciones premium con mejores características
busco rendimiento,Busca dispositivos con buen procesador
gracias,De nada 😊 estoy aquí para ayudarte
quiero algo caro,Hay opciones premium con mejores características
gracias,De nada 😊 estoy aquí para ayudarte
quiero algo barato,Te puedo recomendar algo económico con buena calidad
quiero algo caro,Hay opciones premium con mejores características
busco calidad,Busca marcas reconocidas con buen rating
quiero algo barato,Te puedo recomendar algo económico con buena calidad
busco rendimiento,Busca dispositivos con buen procesador
busco calidad,Busca marcas reconocidas con buen rating
gracias,De nada 😊 estoy aquí para ayudarte
quiero algo barato,Te puedo recomendar algo económico con buena calidad
busco calidad,Busca marcas reconocidas con buen rating
busco calidad,Busca marcas reconocidas con buen rating
quiero ver opiniones,Puedo mostrarte opiniones reales de usuarios
bye,Hasta luego 👋
quiero algo caro,Hay opciones premium con mejores características
no me gusta,Entiendo 😅 puedo buscarte otra opción
quiero algo barato,Te puedo recomendar algo económico con buena calidad
no funciona,Intentemos con otro producto mejor
no funciona,Intentemos con otro producto mejor
gracias,De nada 😊 estoy aquí para ayudarte
gracias,De nada 😊 estoy aquí para ayudarte
busco rendimiento,Busca dispositivos con buen procesador
quiero algo barato,Te puedo recomendar algo económico con buena calidad
quiero ver opiniones,Puedo mostrarte opiniones reales de usuarios
gracias,De nada 😊 estoy aquí para ayudarte
quiero algo barato,Te puedo recomendar algo económico con buena calidad
quiero ver opiniones,Puedo mostrarte opiniones reales de usuarios
no me gusta,Entiendo 😅 puedo buscarte otra opción
quiero algo caro,Hay opciones premium con mejores características
no funciona,Intentemos con otro producto mejor
gracias,De nada 😊 estoy aquí para ayudarte
bye,Hasta luego 👋
quiero algo caro,Hay opciones premium con mejores características
quiero algo barato,Te puedo recomendar algo económico con buena calidad
busco rendimiento,Busca dispositivos con buen procesador
quiero algo caro,Hay opciones premium con mejores características
no me gusta,Entiendo 😅 puedo buscarte otra opción
